ID,Ans
1,3
2,3
3,4
4,3
5,3
6,2
7,4
8,2
9,4
10,4
11,3
12,3
13,2
14,4
15,3
16,2
17,4
18,4
19,4
20,2
21,3
22,2
23,2
24,2
25,4
26,2
27,1
28,3
29,1
30,3
31,3
32,2
33,1
34,3
35,4
36,2
37,1
38,4
39,3
40,3
41,3
42,2
43,2
44,2
45,2
46,3
47,3
48,4
49,3
50,3
51,2
52,2
53,3
54,4
55,2
56,3
57,3
58,3
59,2
60,2
61,3
62,4
63,3
64,2
65,2
66,1
67,2
68,1
69,1
70,1
71,1
72,1
73,2
74,1
75,3
76,3
77,4
78,4
79,2
80,2
81,3
82,1
83,1
84,1
85,3
86,1
87,4
88,2
89,4
90,4
91,2
92,3
93,3
94,1
95,1
96,4
97,4
98,4
99,2
100,2
101,4
102,2
103,3
104,3
105,2
106,4
107,2
108,1
109,3
110,3
111,2
112,2
113,4
114,2
115,4
116,1
117,2
118,1
119,3
120,2
121,4
122,2
123,3
124,3
125,2
126,2
127,1
128,3
129,2
130,4
131,3
132,3
133,3
134,3
135,3
136,3
137,1
138,2
139,2
140,3
141,1
142,3
143,4
144,4
145,3
146,3
147,3
148,3
149,3
150,2
151,2
152,3
153,2
154,2
155,3
156,2
157,3
158,3
159,4
160,1
161,3
162,1
163,4
164,4
165,4
166,1
167,2
168,3
169,3
170,2
171,4
172,3
173,2
174,3
175,2
176,3
177,3
178,1
179,3
180,1
181,4
182,1
183,2
184,1
185,3
186,4
187,1
188,2
189,4
190,3
191,1
192,4
193,3
194,3
195,1
196,1
197,1
198,1
199,1
200,4
201,1
202,1
203,2
204,3
205,4
206,3
207,2
208,3
209,4
210,1
211,4
212,3
213,1
214,1
215,1
216,3
217,4
218,3
219,3
220,4
221,2
222,4
223,1
224,4
225,4
226,2
227,4
228,1
229,1
230,3
231,3
232,2
233,4
234,2
235,1
236,1
237,3
238,3
239,2
240,1
241,4
242,4
243,3
244,2
245,4
246,2
247,4
248,4
249,1
250,1
251,4
252,4
253,3
254,3
255,2
256,2
257,1
258,3
259,1
260,3
261,2
262,4
263,4
264,2
265,3
266,2
267,4
268,4
269,3
270,2
271,4
272,2
273,4
274,3
275,3
276,2
277,1
278,1
279,4
280,1
281,4
282,4
283,2
284,1
285,2
286,3
287,4
288,2
289,3
290,2
291,3
292,3
293,2
294,1
295,4
296,3
297,4
298,3
299,1
300,2
301,3
302,4
303,2
304,4
305,4
306,1
307,3
308,4
309,1
310,1
311,4
312,4
313,2
314,3
315,3
316,2
317,3
318,1
319,2
320,4
321,3
322,4
323,3
324,1
325,4
326,2
327,3
328,2
329,1
330,4
331,3
332,4
333,1
334,3
335,4
336,1
337,1
338,2
339,4
340,1
341,1
342,1
343,1
344,2
345,2
346,2
347,4
348,3
349,1
350,3
351,2
352,1
353,1
354,1
355,3
356,3
357,1
358,2
359,3
360,3
361,4
362,1
363,1
364,4
365,4
366,2
367,3
368,4
369,1
370,2
371,4
372,2
373,1
374,1
375,1
376,4
377,2
378,3
379,3
380,2
381,1
382,4
383,2
384,4
385,1
386,3
387,4
388,3
389,1
390,3
391,2
392,1
393,2
394,4
395,3
396,3
397,1
398,4
399,1
400,1
401,1
402,1
403,1
404,1
405,1
406,2
407,4
408,1
409,1
410,2
411,2
412,2
413,1
414,2
415,1
416,2
417,2
418,1
419,4
420,1
421,2
422,1
423,4
424,2
425,3
426,1
427,2
428,4
429,2
430,1
431,4
432,3
433,2
434,2
435,1
436,2
437,4
438,2
439,2
440,3
441,2
442,3
443,2
444,4
445,2
446,2
447,2
448,4
449,4
450,1
451,3
452,2
453,1
454,4
455,2
456,1
457,1
458,1
459,1
460,3
461,3
462,3
463,1
464,4
465,1
466,3
467,4
468,2
469,3
470,1
471,4
472,2
473,4
474,1
475,2
476,2
477,1
478,4
479,4
480,1
481,4
482,3
483,2
484,2
485,1
486,4
487,1
488,2
489,4
490,1
491,1
492,3
493,1
494,2
495,2
496,4
497,4
498,1
499,4
500,4
501,1
502,2
503,1
504,4
505,2
506,4
507,1
508,2
509,1
510,4
511,3
512,1
513,4
514,3
515,2
516,1
517,3
518,2
519,1
520,3
521,1
522,2
523,4
524,1
525,1
526,3
527,3
528,4
529,2
530,4
531,1
532,1
533,2
534,3
535,2
536,2
537,2
538,3
539,4
540,4
541,2
542,4
543,4
544,1
545,2
546,3
547,3
548,2
549,3
550,4
551,4
552,4
553,2
554,2
555,3
556,4
557,2
558,2
559,4
560,2
561,3
562,1
563,4
564,3
565,2
566,2
567,3
568,2
569,2
570,4
571,2
572,4
573,4
574,2
575,1
576,1
577,4
578,4
579,3
580,1
581,4
582,3
583,2
584,2
585,2
586,2
587,4
588,3
589,4
590,2
591,1
592,4
593,2
594,4
595,3
596,3
597,1
598,2
599,4
600,1
601,3
602,4
603,1
604,1
605,4
606,2
607,2
608,3
609,3
610,1
611,4
612,2
613,2
614,4
615,2
616,1
617,2
618,3
619,2
620,2
621,3
622,4
623,1
624,2
625,2
626,1
627,4
628,3
629,1
630,1
631,3
632,4
633,2
634,3
635,3
636,2
637,4
638,2
639,2
640,3
641,4
642,4
643,4
644,3
645,1
646,1
647,2
648,3
649,3
650,1
651,4
652,3
653,1
654,2
655,4
656,2
657,1
658,4
659,4
660,3
661,2
662,4
663,1
664,4
665,4
666,3
667,2
668,1
669,4
670,3
671,3
672,2
673,2
674,3
675,1
676,3
677,4
678,4
679,1
680,3
681,1
682,4
683,3
684,2
685,1
686,4
687,4
688,4
689,4
690,3
691,2
692,2
693,3
694,3
695,3
696,1
697,2
698,2
699,4
700,1
701,3
702,1
703,4
704,1
705,1
706,4
707,4
708,4
709,2
710,4
711,3
712,3
713,2
714,1
715,1
716,1
717,3
718,1
719,1
720,2
721,2
722,4
723,3
724,3
725,4
726,4
727,4
728,2
729,1
730,3
731,2
732,4
733,2
734,2
735,2
736,4
737,2
738,4
739,4
740,3
741,2
742,3
743,1
744,4
745,2
746,3
747,4
748,3
749,3
750,2
751,2
752,1
753,2
754,1
755,4
756,1
757,4
758,4
759,1
760,3
761,1
762,2
763,1
764,4
765,2
766,1
767,3
768,1
769,3
770,1
771,4
772,1
773,3
774,3
775,3
776,2
777,2
778,3
779,2
780,4
781,1
782,4
783,2
784,2
785,2
786,2
787,2
788,2
789,3
790,4
791,2
792,3
793,4
794,3
795,3
796,3
797,2
798,1
799,2
800,4
801,3
802,2
803,4
804,3
805,4
806,2
807,4
808,3
809,1
810,4
811,4
812,4
813,2
814,3
815,2
816,1
817,1
818,2
819,4
820,2
821,3
822,1
823,1
824,2
825,1
826,4
827,1
828,4
829,4
830,4
831,1
832,1
833,3
834,4
835,1
836,2
837,4
838,2
839,2
840,2
841,2
842,3
843,4
844,4
845,3
846,4
847,1
848,2
849,4
850,4
851,4
852,2
853,1
854,2
855,4
856,3
857,2
858,3
859,4
860,2
861,1
862,3
863,1
864,4
865,3
866,2
867,2
868,3
869,2
870,2
871,3
872,2
873,1
874,4
875,4
876,1
877,1
878,2
879,2
880,3
881,2
882,1
883,4
884,1
885,2
886,4
887,2
888,4
889,1
890,3
891,2
892,1
893,1
894,4
895,3
896,4
897,1
898,4
899,1
900,4
901,2
902,3
903,3
904,4
905,3
906,1
907,1
908,3
909,1
910,3
911,4
912,1
913,1
914,2
915,3
916,3
917,2
918,1
919,2
920,2
921,2
922,4
923,1
924,2
925,4
926,1
927,2
928,2
929,1
930,1
931,3
932,2
933,4
934,1
935,3
936,4
937,4
938,3
939,3
940,3
941,2
942,1
943,1
944,4
945,3
946,1
947,1
948,4
949,2
950,1
951,2
952,3
953,4
954,3
955,2
956,2
957,1
958,2
959,3
960,3
961,1
962,2
963,2
964,1
965,2
966,2
967,1
968,4
969,1
970,2
971,1
972,3
973,3
974,4
975,3
976,1
977,1
978,4
979,4
980,3
981,1
982,2
983,3
984,4
985,2
986,3
987,1
988,3
989,3
990,3
991,2
992,3
993,1
994,2
995,1
996,3
997,1
998,4
999,3
1000,1
1001,1
1002,3
1003,4
1004,1
1005,3
1006,2
1007,3
1008,2
1009,3
1010,4
1011,4
1012,3
1013,1
1014,3
1015,1
1016,4
1017,4
1018,1
1019,1
1020,1
1021,4
1022,3
1023,2
1024,3
1025,3
1026,1
1027,2
1028,4
1029,2
1030,2
1031,4
1032,2
1033,2
1034,2
1035,3
1036,3
1037,1
1038,2
1039,3
1040,1
1041,3
1042,2
1043,1
1044,4
1045,1
1046,4
1047,3
1048,2
1049,1
1050,1
1051,2
1052,1
1053,2
1054,3
1055,4
1056,3
1057,1
1058,3
1059,2
1060,3
1061,1
1062,1
1063,4
1064,4
1065,4
1066,2
1067,4
1068,3
1069,3
1070,3
1071,1
1072,2
1073,1
1074,2
1075,1
1076,2
1077,4
1078,2
1079,1
1080,2
1081,1
1082,2
1083,3
1084,1
1085,4
1086,1
1087,2
1088,1
1089,4
1090,3
1091,4
1092,1
1093,2
1094,4
1095,4
1096,1
1097,4
1098,2
1099,3
1100,1
1101,1
1102,2
1103,3
1104,4
1105,3
1106,4
1107,2
1108,1
1109,2
1110,2
1111,4
1112,3
1113,3
1114,2
1115,4
1116,2
1117,2
1118,4
1119,3
1120,4
1121,1
1122,3
1123,1
1124,3
1125,4
1126,3
1127,4
1128,1
1129,1
1130,1
1131,2
1132,2
1133,1
1134,2
1135,1
1136,1
1137,2
1138,4
1139,4
1140,1
1141,3
1142,3
1143,2
1144,4
1145,4
1146,4
1147,4
1148,3
1149,4
1150,3
1151,1
1152,2
1153,2
1154,4
1155,4
1156,3
1157,1
1158,2
1159,2
1160,3
1161,1
1162,1
1163,4
1164,3
1165,2
1166,2
1167,4
1168,3
1169,3
1170,3
1171,1
1172,3
1173,4
1174,2
1175,4
1176,3
1177,3
1178,2
1179,3
1180,4
1181,3
1182,2
1183,4
1184,4
1185,3
1186,2
1187,2
1188,1
1189,2
1190,1
1191,4
1192,2
1193,4
1194,2
1195,3
1196,1
1197,4
1198,4
1199,1
1200,3
10001,4
10002,4
10003,2
10004,4
10005,2
10006,1
10007,2
10008,2
10009,1
10010,2
10011,1
10012,2
10013,3
10014,1
10015,3
10016,2
10017,3
10018,1
10019,3
10020,4
10021,1
10022,2
10023,2
10024,1
10025,3
10026,2
10027,3
10028,2
10029,1
10030,3
10031,3
10032,4
10033,1
10034,4
10035,2
10036,1
10037,1
10038,3
10039,4
10040,2
10041,3
10042,1
10043,3
10044,2
10045,1
10046,2
10047,2
10048,3
10049,4
10050,3
10051,4
10052,2
10053,1
10054,2
10055,1
10056,1
10057,2
10058,1
10059,1
10060,2
10061,3
10062,2
10063,1
10064,1
10065,4
10066,2
10067,1
10068,2
10069,3
10070,3
10071,3
10072,1
10073,1
10074,2
10075,1
10076,2
10077,1
10078,1
10079,2
10080,4
10081,1
10082,2
10083,2
10084,2
10085,2
10086,3
10087,3
10088,2
10089,3
10090,2
10091,2
10092,1
10093,2
10094,2
10095,2
10096,1
10097,1
10098,3
10099,2
10100,1
10101,2
10102,4
10103,3
10104,1
10105,1
10106,3
10107,3
10108,2
10109,4
10110,3
10111,1
10112,2
10113,2
10114,2
10115,4
10116,3
10117,1
10118,1
10119,2
10120,3
10121,2
10122,1
10123,2
10124,1
10125,1
10126,1
10127,3
10128,3
10129,2
10130,1
10131,1
10132,3
10133,1
10134,1
10135,2
10136,3
10137,2
10138,3
10139,1
10140,1
10141,2
10142,1
10143,4
10144,2
10145,1
10146,2
10147,1
10148,1
10149,2
10150,3
10151,1
10152,4
10153,2
10154,1
10155,3
10156,1
10157,4
10158,2
10159,1
10160,4
10161,2
10162,1
10163,1
10164,1
10165,2
10166,4
10167,3
10168,2
10169,2
10170,2
10171,3
10172,1
10173,4
10174,1
10175,3
10176,3
10177,1
10178,2
10179,4
10180,3
10181,1
10182,1
10183,1
10184,1
10185,4
10186,3
10187,2
10188,1
10189,3
10190,2
10191,1
10192,2
10193,2
10194,1
10195,2
10196,2
10197,3
10198,4
10199,3
10200,2
10201,2
10202,3
10203,1
10204,2
10205,1
10206,4
10207,1
10208,3
10209,2
10210,2
10211,4
10212,1
10213,3
10214,1
10215,4
10216,1
10217,1
10218,1
10219,2
10220,1
10221,2
10222,2
10223,1
10224,2
10225,4
10226,1
10227,2
10228,2
10229,3
10230,4
10231,1
10232,2
10233,3
10234,1
10235,2
10236,1
10237,4
10238,4
10239,1
10240,1
10241,3
10242,1
10243,2
10244,4
10245,1
10246,2
10247,2
10248,1
10249,1
10250,1
10251,1
10252,1
10253,1
10254,2
10255,3
10256,4
10257,1
10258,4
10259,1
10260,1
10261,1
10262,1
10263,4
10264,4
10265,3
10266,1
10267,4
10268,1
10269,3
10270,1
10271,1
10272,1
10273,2
10274,1
10275,1
10276,3
10277,1
10278,3
10279,2
10280,1
10281,4
10282,4
10283,1
10284,3
10285,1
10286,2
10287,1
10288,2
10289,2
10290,1
10291,3
10292,2
10293,1
10294,1
10295,3
10296,3
10297,2
10298,3
10299,1
10300,1
10301,4
10302,4
10303,4
10304,2
10305,4
10306,3
10307,1
10308,3
10309,1
10310,2
10311,1
10312,2
10313,4
10314,2
10315,3
10316,1
10317,2
10318,2
10319,2
10320,4
10321,2
10322,3
10323,4
10324,2
10325,3
10326,1
10327,3
10328,2
10329,3
10330,1
10331,1
10332,3
10333,2
10334,1
10335,2
10336,3
10337,1
10338,3
10339,2
10340,3
10341,1
10342,2
10343,2
10344,1
10345,4
10346,2
10347,1
10348,3
10349,3
10350,2
10351,1
10352,1
10353,1
10354,1
10355,3
10356,2
10357,2
10358,1
10359,3
10360,1
10361,4
10362,1
10363,4
10364,1
10365,1
10366,3
10367,2
10368,2
10369,1
10370,4
10371,3
10372,1
10373,3
10374,1
10375,1
10376,1
10377,2
10378,1
10379,1
10380,4
10381,2
10382,1
10383,3
10384,4
10385,2
10386,4
10387,1
10388,1
10389,2
10390,1
10391,3
10392,1
10393,1
10394,2
10395,3
10396,2
10397,3
10398,3
10399,2
10400,1
10401,4
10402,3
10403,2
10404,1
10405,2
10406,4
10407,3
10408,2
10409,2
10410,3
10411,3
10412,3
10413,1
10414,1
10415,3
10416,3
10417,4
10418,3
10419,1
10420,1
10421,2
10422,1
10423,3
10424,1
10425,3
10426,1
10427,1
10428,4
10429,2
10430,1
10431,1
10432,4
10433,3
10434,3
10435,4
10436,4
10437,1
10438,4
10439,3
10440,2
10441,2
10442,3
10443,3
10444,2
10445,3
10446,3
10447,3
10448,4
10449,4
10450,4
10451,4
10452,3
10453,1
10454,3
10455,4
10456,3
10457,4
10458,3
10459,1
10460,4
10461,3
10462,2
10463,2
10464,1
10465,3
10466,3
10467,3
10468,1
10469,1
10470,1
10471,1
10472,3
10473,4
10474,1
10475,1
10476,4
10477,1
10478,1
10479,3
10480,3
10481,4
10482,1
10483,4
10484,3
10485,2
10486,1
10487,3
10488,1
10489,2
10490,1
10491,4
10492,2
10493,2
10494,1
10495,1
10496,1
10497,3
10498,2
10499,2
10500,4
10501,1
10502,3
10503,1
10504,3
10505,3
10506,2
10507,3
10508,1
10509,3
10510,4
10511,1
10512,2
10513,3
10514,2
10515,1
10516,2
10517,2
10518,1
10519,3
10520,4
10521,3
10522,3
10523,2
10524,4
10525,4
10526,4
10527,4
10528,4
10529,1
10530,3
10531,2
10532,4
10533,2
10534,3
10535,2
10536,2
10537,3
10538,2
10539,1
10540,2
10541,2
10542,2
10543,3
10544,3
10545,3
10546,4
10547,3
10548,2
10549,4
10550,3
10551,3
10552,1
10553,2
10554,2
10555,4
10556,3
10557,3
10558,4
10559,1
10560,4
10561,3
10562,2
10563,2
10564,4
10565,3
10566,3
10567,4
10568,4
10569,2
10570,2
10571,4
10572,3
10573,2
10574,3
10575,3
10576,4
10577,3
10578,4
10579,2
10580,2
10581,3
10582,2
10583,3
10584,4
10585,4
10586,2
10587,2
10588,2
10589,4
10590,4
10591,1
10592,1
10593,4
10594,2
10595,3
10596,1
10597,3
10598,1
10599,2
10600,2
10601,4
10602,2
10603,1
10604,3
10605,1
10606,3
10607,3
10608,2
10609,2
10610,3
10611,4
10612,4
10613,3
10614,2
10615,1
10616,2
10617,1
10618,4
10619,2
10620,4
10621,2
10622,3
10623,4
10624,3
10625,3
10626,3
10627,1
10628,3
10629,1
10630,1
10631,3
10632,4
10633,3
10634,3
10635,1
10636,2
10637,2
10638,3
10639,1
10640,2
10641,4
10642,1
10643,2
10644,2
10645,3
10646,3
10647,2
10648,4
10649,4
10650,3
10651,1
10652,2
10653,3
10654,1
10655,1
10656,4
10657,2
10658,1
10659,3
10660,2
10661,1
10662,1
10663,4
10664,1
10665,3
10666,4
10667,4
10668,3
10669,2
10670,3
10671,1
10672,4
10673,2
10674,3
10675,1
10676,3
10677,3
10678,2
10679,1
10680,2
10681,4
10682,3
10683,2
10684,4
10685,1
10686,1
10687,1
10688,4
10689,2
10690,1
10691,4
10692,3
10693,2
10694,1
10695,4
10696,2
10697,2
10698,3
10699,1
10700,3
10701,2
10702,3
10703,4
10704,2
10705,2
10706,1
10707,2
10708,3
10709,1
10710,2
10711,3
10712,1
10713,1
10714,1
10715,4
10716,2
10717,2
10718,1
10719,3
10720,3
10721,1
10722,2
10723,3
10724,1
10725,4
10726,1
10727,3
10728,4
10729,2
10730,4
10731,3
10732,4
10733,1
10734,4
10735,2
10736,1
10737,4
10738,2
10739,2
10740,4
10741,1
10742,2
10743,3
10744,3
10745,2
10746,1
10747,4
10748,4
10749,4
10750,2
10751,1
10752,1
10753,4
10754,1
10755,3
10756,2
10757,2
10758,2
10759,1
10760,3
10761,4
10762,2
10763,4
10764,4
10765,1
10766,4
10767,3
10768,1
10769,2
10770,3
10771,4
10772,1
10773,2
10774,3
10775,4
10776,4
10777,1
10778,3
10779,3
10780,2
10781,4
10782,4
10783,3
10784,2
10785,4
10786,1
10787,3
10788,3
10789,4
10790,3
10791,3
10792,1
10793,2
10794,3
10795,1
10796,4
10797,1
10798,1
10799,2
10800,3
10801,1
10802,3
10803,4
10804,1
10805,4
10806,2
10807,4
10808,3
10809,1
10810,3
10811,2
10812,3
10813,2
10814,4
10815,2
10816,2
10817,1
10818,3
10819,1
10820,4
10821,4
10822,3
10823,1
10824,2
10825,4
10826,3
10827,4
10828,2
10829,1
10830,3
10831,1
10832,2
10833,3
10834,2
10835,3
10836,1
10837,4
10838,3
10839,1
10840,4
10841,4
10842,1
10843,4
10844,2
10845,4
10846,4
10847,4
10848,3
10849,4
10850,1
10851,4
10852,3
10853,3
10854,4
10855,4
10856,4
10857,3
10858,2
10859,4
10860,2
10861,1
10862,3
10863,3
10864,4
10865,4
10866,2
10867,3
10868,2
10869,1
10870,1
10871,2
10872,3
10873,4
10874,2
10875,3
10876,2
10877,1
10878,1
10879,3
10880,1
10881,1
10882,3
10883,4
10884,2
10885,4
10886,3
10887,3
10888,3
10889,2
10890,2
10891,3
10892,4
10893,1
10894,1
10895,3
10896,2
10897,3
10898,3
10899,2
10900,3
10901,3
10902,1
10903,2
10904,4
10905,1
10906,4
10907,3
10908,2
10909,3
10910,4
10911,1
10912,1
10913,3
10914,2
10915,3
10916,4
10917,2
10918,4
10919,3
10920,1
10921,2
10922,3
10923,1
10924,1
10925,2
10926,4
10927,3
10928,2
10929,4
10930,2
10931,1
10932,4
10933,3
10934,4
10935,1
10936,3
10937,3
10938,1
10939,4
10940,1
10941,2
10942,3
10943,2
10944,1
10945,4
10946,1
10947,4
10948,3
10949,2
10950,2
10951,1
10952,3
10953,4
10954,4
10955,1
10956,4
10957,1
10958,2
10959,4
10960,1
10961,2
10962,1
10963,3
10964,3
10965,3
10966,1
10967,3
10968,1
10969,4
10970,2
10971,1
10972,3
10973,1
10974,4
10975,2
10976,3
10977,4
10978,1
10979,1
10980,2
10981,2
10982,3
10983,1
10984,4
10985,2
10986,2
10987,1
10988,2
10989,3
10990,4
10991,1
10992,3
10993,4
10994,2
10995,3
10996,4
10997,1
10998,2
10999,3
11000,4
11001,2
11002,1
11003,3
11004,3
11005,1
11006,2
11007,3
11008,3
11009,1
11010,1
11011,2
11012,3
11013,2
11014,3
11015,3
11016,1
11017,3
11018,2
11019,1
11020,3
11021,1
11022,3
11023,2
11024,3
11025,4
11026,3
11027,4
11028,2
11029,2
11030,4
11031,4
11032,4
11033,2
11034,4
11035,4
11036,4
11037,4
11038,2
11039,3
11040,4
11041,1
11042,1
11043,2
11044,3
11045,3
11046,4
11047,1
11048,2
11049,1
11050,3
11051,4
11052,4
11053,1
11054,3
11055,4
11056,3
11057,3
11058,2
11059,1
11060,1
11061,2
11062,4
11063,3
11064,3
11065,4
11066,4
11067,1
11068,2
11069,3
11070,4
11071,1
11072,1
11073,2
11074,1
11075,4
11076,2
11077,1
11078,4
11079,1
11080,1
11081,3
11082,3
11083,4
11084,2
11085,3
11086,4
11087,1
11088,2
11089,4
11090,4
11091,1
11092,2
11093,1
11094,4
11095,2
11096,4
11097,3
11098,4
11099,1
11100,1
11101,1
11102,1
11103,1
11104,3
11105,3
11106,1
11107,4
11108,4
11109,1
11110,4
11111,3
11112,1
11113,1
11114,3
11115,1
11116,2
11117,1
11118,3
11119,4
11120,1
11121,2
11122,3
11123,2
11124,1
11125,2
11126,2
11127,4
11128,1
11129,1
11130,2
11131,3
11132,2
11133,1
11134,3
11135,2
11136,4
11137,1
11138,2
11139,3
11140,4
11141,4
11142,1
11143,2
11144,4
11145,2
11146,1
11147,3
11148,4
11149,2
11150,2
11151,3
11152,4
11153,1
11154,1
11155,1
11156,3
11157,4
11158,1
11159,3
11160,1
11161,3
11162,2
11163,4
11164,1
11165,2
11166,2
11167,4
11168,1
11169,3
11170,2
11171,3
11172,1
11173,4
11174,4
11175,4
11176,1
11177,2
11178,2
11179,1
11180,4
11181,4
11182,1
11183,3
11184,2
11185,3
11186,4
11187,2
11188,4
11189,4
11190,4
11191,4
11192,1
11193,2
11194,4
11195,3
11196,4
11197,1
11198,1
11199,4
11200,3
11201,4
11202,4
11203,3
11204,3
11205,2
11206,2
11207,3
11208,4
11209,1
11210,4
11211,4
11212,1
11213,1
11214,2
11215,3
11216,4
11217,1
11218,2
11219,4
11220,2
11221,4
11222,3
11223,1
11224,4
11225,1
11226,3
11227,4
11228,4
11229,1
11230,1
11231,4
11232,1
11233,3
11234,4
11235,4
11236,1
11237,2
11238,2
11239,4
11240,1
11241,1
11242,3
11243,3
11244,3
11245,3
11246,2
11247,2
11248,1
11249,2
11250,3
11251,1
11252,2
11253,1
11254,3
11255,3
11256,1
11257,3
11258,1
11259,3
11260,3
11261,4
11262,4
11263,1
11264,2
11265,1
11266,1
11267,2
11268,2
11269,2
11270,2
11271,2
11272,1
11273,1
11274,4
11275,3
11276,1
11277,2
11278,4
11279,3
11280,4
11281,2
11282,3
11283,4
11284,2
11285,2
11286,1
11287,1
11288,3
11289,4
11290,2
11291,2
11292,2
11293,2
11294,1
11295,3
11296,3
11297,4
11298,2
11299,2
11300,2
11301,2
11302,4
11303,3
11304,3
11305,2
11306,1
11307,2
11308,3
11309,3
11310,2
11311,2
11312,4
11313,4
11314,4
11315,3
11316,2
11317,4
11318,2
11319,1
11320,3
11321,4
11322,3
11323,3
11324,3
11325,1
11326,2
11327,2
11328,1
11329,2
11330,2
11331,4
11332,3
11333,2
11334,3
11335,1
11336,3
11337,1
11338,1
11339,1
11340,2
11341,2
11342,2
11343,3
11344,2
11345,1
11346,2
11347,4
11348,4
11349,4
11350,2
11351,2
11352,1
11353,3
11354,1
11355,2
11356,2
11357,4
11358,1
11359,1
11360,2
11361,4
11362,1
11363,1
11364,3
11365,4
11366,2
11367,4
11368,1
11369,2
11370,4
11371,4
11372,1
11373,1
11374,3
11375,3
11376,1
11377,3
11378,1
11379,1
11380,1
11381,2
11382,1
11383,3
11384,2
11385,2
11386,4
11387,3
11388,1
11389,2
11390,2
11391,4
11392,2
11393,3
11394,4
11395,3
11396,3
11397,2
11398,1
11399,1
11400,3
11401,1
11402,2
11403,3
11404,1
11405,1
11406,2
11407,2
11408,1
11409,3
11410,2
11411,1
11412,4
11413,2
11414,4
11415,1
11416,2
11417,4
11418,4
11419,1
11420,4
11421,1
11422,3
11423,1
11424,2
11425,1
11426,1
11427,3
11428,3
11429,1
11430,1
11431,3
11432,4
11433,1
11434,4
11435,1
11436,2
11437,1
11438,1
11439,1
11440,2
11441,1
11442,1
11443,1
11444,1
11445,1
11446,1
11447,1
11448,2
11449,2
11450,4
11451,1
11452,1
11453,4
11454,4
11455,2
11456,3
11457,1
11458,4
11459,4
11460,3
11461,1
11462,2
11463,4
11464,2
11465,3
11466,4
11467,2
11468,3
11469,2
11470,2
11471,3
11472,4
11473,2
11474,3
11475,1
11476,1
11477,2
11478,3
11479,3
11480,2
11481,3
11482,3
11483,1
11484,2
11485,2
11486,2
11487,1
11488,1
11489,4
11490,2
11491,4
11492,3
11493,2
11494,1
11495,3
11496,3
11497,4
11498,2
11499,1
11500,1
20701,2
20702,4
20703,4
20704,1
20705,3
20706,4
20707,1
20708,2
20709,4
20710,2
20711,3
20712,2
20713,2
20714,1
20715,1
20716,4
20717,3
20718,3
20719,1
20720,2
20721,1
20722,3
20723,1
20724,1
20725,2
20726,2
20727,2
20728,3
20729,1
20730,2
20731,1
20732,1
20733,2
20734,4
20735,2
20736,1
20737,3
20738,2
20739,3
20740,2
20741,4
20742,3
20743,3
20744,3
20745,1
20746,1
20747,1
20748,4
20749,2
20750,2
20751,3
20752,3
20753,4
20754,1
20755,2
20756,4
20757,4
20758,1
20759,1
20760,1
20761,4
20762,1
20763,4
20764,1
20765,1
20766,4
20767,4
20768,1
20769,2
20770,4
20771,2
20772,1
20773,1
20774,1
20775,2
20776,4
20777,3
20778,1
20779,2
20780,2
20781,1
20782,1
20783,3
20784,1
20785,1
20786,3
20787,2
20788,3
20789,3
20790,1
20791,3
20792,1
20793,3
20794,2
20795,1
20796,2
20797,4
20798,1
20799,3
20800,4
20801,4
20802,2
20803,1
20804,2
20805,2
20806,4
20807,1
20808,1
20809,3
20810,2
20811,3
20812,3
20813,2
20814,1
20815,1
20816,1
20817,2
20818,1
20819,3
20820,4
20821,3
20822,1
20823,2
20824,4
20825,2
20826,2
20827,1
20828,2
20829,3
20830,1
20831,1
20832,1
20833,2
20834,3
20835,4
20836,4
20837,4
20838,2
20839,3
20840,3
20841,1
20842,2
20843,1
20844,2
20845,2
20846,1
20847,2
20848,1
20849,1
20850,1
20851,1
20852,2
20853,1
20854,1
20855,2
20856,3
20857,2
20858,1
20859,2
20860,4
20861,3
20862,2
20863,2
20864,2
20865,2
20866,3
20867,1
20868,3
20869,2
20870,1
20871,3
20872,4
20873,1
20874,1
20875,3
20876,4
20877,2
20878,1
20879,1
20880,1
20881,2
20882,1
20883,2
20884,3
20885,2
20886,2
20887,1
20888,4
20889,1
20890,1
20891,2
20892,3
20893,1
20894,3
20895,2
20896,3
20897,2
20898,1
20899,2
20900,1
20901,1
20902,4
20903,2
20904,4
20905,1
20906,3
20907,2
20908,1
20909,1
20910,4
20911,3
20912,1
20913,1
20914,1
20915,1
20916,3
20917,1
20918,2
20919,3
20920,1
20921,2
20922,4
20923,1
20924,4
20925,3
20926,4
20927,1
20928,1
20929,1
20930,4
20931,2
20932,2
20933,2
20934,2
20935,1
20936,4
20937,3
20938,4
20939,3
20940,3
20941,3
20942,2
20943,2
20944,1
20945,1
20946,2
20947,4
20948,3
20949,2
20950,2
20951,1
20952,4
20953,1
20954,2
20955,2
20956,1
20957,1
20958,3
20959,3
20960,4
20961,4
20962,2
20963,2
20964,3
20965,2
20966,1
20967,2
20968,2
20969,1
20970,4
20971,4
20972,2
20973,1
20974,4
20975,1
20976,1
20977,2
20978,3
20979,4
20980,3
20981,1
20982,1
20983,2
20984,1
20985,2
20986,3
20987,1
20988,2
20989,2
20990,4
20991,4
20992,2
20993,2
20994,3
20995,3
20996,2
20997,1
20998,3
20999,3
21000,1
21001,1
21002,3
21003,4
21004,3
21005,4
21006,2
21007,1
21008,2
21009,1
21010,3
21011,4
21012,2
21013,4
21014,1
21015,4
21016,1
21017,3
21018,3
21019,2
21020,3
21021,2
21022,3
21023,1
21024,2
21025,4
21026,4
21027,1
21028,3
21029,4
21030,3
21031,1
21032,4
21033,2
21034,3
21035,1
21036,2
21037,1
21038,2
21039,3
21040,2
21041,2
21042,3
21043,1
21044,3
21045,2
21046,1
21047,1
21048,2
21049,2
21050,1
21051,4
21052,3
21053,2
21054,4
21055,4
21056,4
21057,1
21058,3
21059,2
21060,1
21061,1
21062,2
21063,3
21064,3
21065,2
21066,4
21067,2
21068,3
21069,3
21070,1
21071,4
21072,2
21073,2
21074,1
21075,3
21076,3
21077,3
21078,2
21079,1
21080,3
21081,4
21082,1
21083,1
21084,2
21085,1
21086,2
21087,4
21088,1
21089,2
21090,3
21091,1
21092,4
21093,3
21094,4
21095,1
21096,2
21097,1
21098,2
21099,2
21100,2
21101,1
21102,3
21103,3
21104,1
21105,1
21106,2
21107,2
21108,1
21109,4
21110,4
21111,1
21112,2
21113,1
21114,2
21115,4
21116,2
21117,2
21118,1
21119,1
21120,4
21121,4
21122,3
21123,3
21124,1
21125,2
21126,1
21127,3
21128,3
21129,4
21130,4
21131,2
21132,3
21133,4
21134,1
21135,2
21136,3
21137,2
21138,1
21139,1
21140,3
21141,2
21142,2
21143,2
21144,2
21145,4
21146,1
21147,4
21148,1
21149,1
21150,1
21151,2
21152,3
21153,4
21154,2
21155,1
21156,3
21157,3
21158,1
21159,2
21160,4
21161,3
21162,4
21163,4
21164,4
21165,3
21166,2
21167,2
21168,1
21169,1
21170,2
21171,2
21172,4
21173,4
21174,4
21175,3
21176,2
21177,1
21178,3
21179,4
21180,3
21181,2
21182,1
21183,1
21184,4
21185,3
21186,1
21187,3
21188,4
21189,2
21190,3
21191,4
21192,3
21193,2
21194,1
21195,1
21196,1
21197,3
21198,4
21199,1
21200,2
21201,3
21202,3
21203,4
21204,1
21205,2
21206,3
21207,2
21208,2
21209,1
21210,3
21211,3
21212,3
21213,4
21214,2
21215,4
21216,2
21217,1
21218,3
21219,3
21220,1
21221,3
21222,2
21223,1
21224,3
21225,2
21226,1
21227,2
21228,3
21229,4
21230,3
21231,4
21232,2
21233,2
21234,3
21235,4
21236,2
21237,2
21238,3
21239,1
21240,2
21241,1
21242,3
21243,4
21244,1
21245,4
21246,1
21247,4
21248,2
21249,3
21250,2
21251,4
21252,4
21253,4
21254,2
21255,4
21256,1
21257,4
21258,3
21259,3
21260,2
21261,2
21262,1
21263,2
21264,3
21265,4
21266,1
21267,3
21268,2
21269,3
21270,3
21271,4
21272,2
21273,4
21274,1
21275,3
21276,1
21277,4
21278,1
21279,3
21280,1
21281,2
21282,4
21283,4
21284,3
21285,1
21286,2
21287,2
21288,4
21289,1
21290,4
21291,3
21292,2
21293,4
21294,1
21295,2
21296,4
21297,1
21298,3
21299,2
21300,3
21301,1
21302,3
21303,2
21304,4
21305,3
21306,1
21307,2
21308,3
21309,3
21310,1
21311,3
21312,4
21313,2
21314,4
21315,2
21316,1
21317,2
21318,3
21319,3
21320,4
21321,1
21322,1
21323,2
21324,2
21325,3
21326,1
21327,3
21328,4
21329,3
21330,1
21331,1
21332,2
21333,2
21334,1
21335,3
21336,2
21337,2
21338,3
21339,3
21340,2
21341,1
21342,4
21343,4
21344,3
21345,2
21346,1
21347,1
21348,4
21349,2
21350,4
21351,2
21352,3
21353,4
21354,2
21355,1
21356,1
21357,1
21358,2
21359,4
21360,1
21361,3
21362,3
21363,1
21364,4
21365,1
21366,2
21367,2
21368,4
21369,2
21370,2
21371,1
21372,3
21373,4
21374,2
21375,2
21376,3
21377,1
21378,2
21379,1
21380,1
21381,3
21382,3
21383,1
21384,1
21385,3
21386,4
21387,2
21388,3
21389,4
21390,1
21391,3
21392,1
21393,2
21394,2
21395,3
21396,1
21397,1
21398,3
21399,4
21400,1
21401,3
21402,3
21403,2
21404,3
21405,3
21406,1
21407,4
21408,4
21409,3
21410,2
21411,3
21412,4
21413,3
21414,4
21415,1
21416,1
21417,4
21418,4
21419,4
21420,2
21421,1
21422,3
21423,3
21424,1
21425,4
21426,2
21427,2
21428,3
21429,3
21430,4
21431,2
21432,2
21433,1
21434,1
21435,1
21436,3
21437,3
21438,4
21439,3
21440,3
21441,1
21442,3
21443,4
21444,4
21445,3
21446,4
21447,1
21448,2
21449,2
21450,3
21451,2
21452,1
21453,1
21454,2
21455,4
21456,3
21457,3
21458,1
21459,2
21460,3
21461,1
21462,3
21463,1
21464,4
21465,3
21466,1
21467,1
21468,3
21469,2
21470,3
21471,4
21472,3
21473,2
21474,4
21475,4
21476,1
21477,3
21478,1
21479,4
21480,2
21481,1
21482,3
21483,1
21484,1
21485,4
21486,2
21487,3
21488,4
21489,3
21490,1
21491,3
21492,1
21493,2
21494,1
21495,4
21496,1
21497,1
21498,4
21499,3
21500,1
21501,4
21502,3
21503,3
21504,2
21505,1
21506,2
21507,4
21508,1
21509,1
21510,3
21511,4
21512,1
21513,2
21514,1
21515,3
21516,2
21517,2
21518,4
21519,1
21520,1
21521,3
21522,2
21523,3
21524,1
21525,4
21526,1
21527,3
21528,1
21529,3
21530,4
21531,2
21532,2
21533,3
21534,4
21535,1
21536,4
21537,2
21538,3
21539,3
21540,1
21541,1
21542,2
21543,4
21544,1
21545,3
21546,4
21547,2
21548,2
21549,4
21550,4
21551,2
21552,3
21553,4
21554,3
21555,4
21556,4
21557,2
21558,3
21559,1
21560,1
21561,3
21562,3
21563,2
21564,1
21565,1
21566,2
21567,1
21568,2
21569,2
21570,3
21571,4
21572,2
21573,3
21574,1
21575,2
21576,1
21577,3
21578,3
21579,2
21580,2
21581,2
21582,1
21583,2
21584,4
21585,3
21586,4
21587,4
21588,1
21589,1
21590,3
21591,4
21592,1
21593,4
21594,4
21595,4
21596,4
21597,4
21598,2
21599,1
21600,4
21601,2
21602,1
21603,1
21604,1
21605,3
21606,2
21607,4
21608,1
21609,1
21610,1
21611,4
21612,3
21613,2
21614,2
21615,4
21616,4
21617,2
21618,1
21619,2
21620,3
21621,3
21622,1
21623,1
21624,4
21625,4
21626,1
21627,1
21628,2
21629,1
21630,3
21631,1
21632,2
21633,2
21634,3
21635,3
21636,1
21637,4
21638,4
21639,2
21640,4
21641,1
21642,3
21643,4
21644,2
21645,3
21646,3
21647,2
21648,2
21649,3
21650,4
21651,3
21652,3
21653,2
21654,4
21655,4
21656,3
21657,2
21658,1
21659,2
21660,1
21661,3
21662,2
21663,1
21664,1
21665,2
21666,3
21667,1
21668,3
21669,2
21670,4
21671,2
21672,4
21673,3
21674,4
21675,1
21676,3
21677,1
21678,2
21679,1
21680,2
21681,4
21682,4
21683,1
21684,4
21685,4
21686,4
21687,2
21688,4
21689,4
21690,3
21691,4
21692,1
21693,2
21694,4
21695,3
21696,1
21697,3
21698,3
21699,3
21700,1
21701,2
21702,1
21703,4
21704,4
21705,2
21706,2
21707,3
21708,2
21709,3
21710,3
21711,1
21712,2
21713,2
21714,4
21715,1
21716,3
21717,1
21718,1
21719,2
21720,3
21721,2
21722,3
21723,1
21724,1
21725,1
21726,1
21727,3
21728,2
21729,3
21730,3
21731,1
21732,2
21733,1
21734,3
21735,1
21736,2
21737,1
21738,2
21739,2
21740,4
21741,4
21742,1
21743,2
21744,4
21745,4
21746,2
21747,2
21748,2
21749,4
21750,3
21751,3
21752,3
21753,1
21754,4
21755,1
21756,2
21757,3
21758,3
21759,3
21760,1
21761,1
21762,2
21763,2
21764,2
21765,2
21766,4
21767,1
21768,3
21769,1
21770,1
21771,2
21772,1
21773,4
21774,4
21775,1
21776,3
21777,3
21778,3
21779,1
21780,2
21781,3
21782,2
21783,3
21784,1
21785,3
21786,2
21787,4
21788,3
21789,3
21790,3
21791,2
21792,2
21793,1
21794,3
21795,2
21796,3
21797,4
21798,2
21799,2
21800,3
21801,4
21802,1
21803,2
21804,4
21805,2
21806,3
21807,2
21808,1
21809,4
21810,1
21811,2
21812,1
21813,4
21814,3
21815,1
21816,1
21817,4
21818,2
21819,2
21820,4
21821,2
21822,1
21823,1
21824,1
21825,2
21826,4
21827,3
21828,1
21829,1
21830,2
21831,3
21832,4
21833,1
21834,2
21835,2
21836,2
21837,4
21838,4
21839,2
21840,1
21841,2
21842,1
21843,3
21844,4
21845,2
21846,4
21847,2
21848,2
21849,3
21850,3
21851,1
21852,4
21853,4
21854,4
21855,2
21856,4
21857,1
21858,4
21859,4
21860,3
21861,3
21862,1
21863,1
21864,2
21865,4
21866,2
21867,2
21868,3
21869,2
21870,1
21871,2
21872,3
21873,2
21874,2
21875,4
21876,1
21877,2
21878,4
21879,3
21880,3
21881,4
21882,4
21883,1
21884,2
21885,4
21886,1
21887,2
21888,2
21889,3
21890,3
21891,1
21892,1
21893,2
21894,4
21895,4
21896,4
21897,3
21898,1
21899,1
21900,1
21901,2
21902,1
21903,3
21904,4
21905,3
21906,1
21907,2
21908,1
21909,3
21910,3
21911,4
21912,3
21913,2
21914,2
21915,3
21916,1
21917,2
21918,2
21919,4
21920,3
21921,3
21922,1
21923,2
21924,3
21925,1
21926,4
21927,1
21928,2
21929,1
21930,3
21931,1
21932,1
21933,3
21934,1
21935,2
21936,1
21937,1
21938,1
21939,1
21940,1
21941,3
21942,2
21943,1
21944,2
21945,3
21946,1
21947,1
21948,2
21949,2
21950,3
21951,1
21952,4
21953,2
21954,2
21955,1
21956,1
21957,2
21958,1
21959,4
21960,3
21961,1
21962,1
21963,2
21964,2
21965,2
21966,1
21967,3
21968,4
21969,2
21970,1
21971,1
21972,1
21973,1
21974,2
21975,1
21976,1
21977,1
21978,3
21979,3
21980,2
21981,2
21982,2
21983,4
21984,4
21985,2
21986,3
21987,2
21988,3
21989,3
21990,4
21991,2
21992,1
21993,3
21994,2
21995,3
21996,4
21997,2
21998,2
21999,1
22000,2
